# Gruppeneinteilung: Alle Namen zufällig generiert.
# Format: <gruppe> <tutor> <teilnehmer>+

kraekrue B  micha.kraemer andre.krueger
becklang A  alfonso.becker walther.lang
meiewurs ~  sven.meier niklas.wurst # → buscmeie
brauschm ~  gunnar.braun jan.schmid # jan.schmid hört auf, gunnar.braun→brameybac
wolfbach ~  marc.wolf hendrik.bach  # marc.wolf hört auf
petelang A  vinzent.petersen leo.lange
vogtmeye B  gerhart.vogt hubertus.meyer
fuchalbr B  achmed.fuchs franz.albrecht
seidhofm A  alvin.seidel rollo.hofmann
buscberg ~  karlheinz.busch samuel.berger # → buscmeie
webehoff B  siegmund.weber sebastian.hoffmann
kruebeck A  harry.krueger ludwig.beck
neumschm B  manfred.neumann albrecht.schmitz
schwwebe A  achim.schwarz detlef.weber
wagnschr A  chris.wagner magnus.schroeder
ludwstei A  fabian.ludwig joshua.stein
lehmhoff B  leopold.lehmann winfried.hoffmann
frankrau B  roland.franke ingo.kraus
kaismuel B  marco.kaiser rico.mueller
kochsand A  alfred.koch gert.sander
winkkoen B  baldemar.winkler benny.koenig
jansjung A  edmund.janssen marko.jung
kellkrae B  sandro.keller alois.kraemer
waltberg A  oskar.walter benedikt.berg
petersen ~  justus.petersen
simoschm B  luis.simon gustl.schmitz
koehwagn B  benno.koehler uwe.wagner
weismeie B  elmar.weiss mohammed.meier
branberg A  josef.brandt reiner.bergmann
schrgros A  herbert.schroeder kai.gross
guensand B  steven.guenther pascal.sander
schrschm B  paul.schreiber aron.schmidt
arnokuhn B  patrick.arnold niels.kuhn
schamaye A  augustus.schaefer ruprecht.mayer
baumschu A  detlev.baumann sigmund.schulze
meyebach ~  volker.meyer bertram.bach # Neue Gruppe mit gunnar.braun
koensaue A  rudi.koenig horst.sauer
lorejung B  hannes.lorenz andreas.jung
kuhnrich B  ernst.kuhn edgar.richter
zimmhahn A  alexander.zimmermann friedrich.hahn
janspete ~  wilfried.jansen ralf.peters # → jansschn
thommuel B  hubert.thomas johann.mueller
frieklei ~  guenther.friedrich theo.klein # theo.klein: ungültiger alias!
petevoge ~  justus.petersen angelo.vogel # angelo.vogel→vogbramey
krakoesch ~  frank.krause yannick.koehler michael.schneider # → janspete, kraukoeh
fuchbaue A  benjamin.fuchs henning.bauer
rothfrie B  mathias.roth hektor.friedrich
bachfrie B  hendrik.bach guenther.friedrich
brameybac ~  gunnar.braun volker.meyer bertram.bach # → braumeye, koehbach
jansschn A  wilfried.jansen michael.schneider
kraukoeh ~  frank.krause yannick.koehler # → koehbach, krause
buscmeie A  karlheinz.busch sven.meier
braumeye ~  gunnar.braun volker.meyer # *→vogbramey
koehbach A  yannick.koehler bertram.bach
krause A  frank.krause
vogbramey A  angelo.vogel gunnar.braun volker.meyer
